{
  "numeric_feature_means": {
    "is_weekend": 0.28735632183908044,
    "lag_35": 61.24390730419478,
    "lag_42": 61.26674404761905,
    "lag_49": 61.29272727272727,
    "rolling_mean_35_7": 61.25877423734567,
    "rolling_std_35_7": 6.2634987091772265,
    "dept_day_share": 0.1428570947853512,
    "dept_mean_encoded": 61.55460846312271,
    "store_dept_mean_encoded": 61.12827294217123,
    "rel_cases_to_baseline": 1.0019299062268892,
    "store_cases_7": 61.25543257051572,
    "store_cases_28": 61.27350116219779,
    "store_volatility_28": 6.580490040884508,
    "relative_to_store": 0.9997707883890998,
    "shock_ratio": 1.0000779237298425,
    "dept_volatility_28_within_store": 6.591196042225743,
    "trucks_lag_35": 2.169825918762089,
    "trucks_lag_42": 2.169786821705426,
    "trucks_3_rolling_mean_35": 2.1697843516726567,
    "trucks_7_rolling_mean_35": 2.1697010794353724,
    "trucks_3_rolling_std_35": 0.02037725611411325,
    "trucks_7_rolling_std_35": 0.04948236550394216,
    "weekly_truck_mean_lag35": 2.1696839908874397,
    "truck_trend_3_vs_7": -6.0891226127871436e-05,
    "trucks_target_28d": 2.1704247104247103,
    "diesel_price": 3.6613163218390796,
    "diesel_5w_mean": 3.6657917892720304,
    "diesel_5w_max": 3.735342183908047,
    "diesel_region_minus_us": -0.032779463601532534,
    "cpi_level": 128.13666818007664,
    "cpi_6m_mean": 127.38866446998719,
    "dept_weekend_mean": 2.1807452397538607,
    "store_truck_mode": 2.13,
    "store_truck_mean": 2.1806954436450843,
    "store_truck_std": 0.2863590679331052,
    "store_truck_ever_3plus": 0.18043165467625893,
    "store_truck_ever_1or4": 0.0011270983213429123,
    "store_almost_fixed_2": 0.23,
    "store_can_do_3_trucks": 0.62,
    "store_never_extreme": 0.98,
    "store_truck_target_enc": 2.180695443645084
  },
  "numeric_features": [
    "is_weekend",
    "lag_35",
    "lag_42",
    "lag_49",
    "rolling_mean_35_7",
    "rolling_std_35_7",
    "dept_day_share",
    "dept_mean_encoded",
    "store_dept_mean_encoded",
    "rel_cases_to_baseline",
    "store_cases_7",
    "store_cases_28",
    "store_volatility_28",
    "relative_to_store",
    "shock_ratio",
    "dept_volatility_28_within_store",
    "trucks_lag_35",
    "trucks_lag_42",
    "trucks_3_rolling_mean_35",
    "trucks_7_rolling_mean_35",
    "trucks_3_rolling_std_35",
    "trucks_7_rolling_std_35",
    "weekly_truck_mean_lag35",
    "truck_trend_3_vs_7",
    "trucks_target_28d",
    "diesel_price",
    "diesel_5w_mean",
    "diesel_5w_max",
    "diesel_region_minus_us",
    "cpi_level",
    "cpi_6m_mean",
    "dept_weekend_mean",
    "store_truck_mode",
    "store_truck_mean",
    "store_truck_std",
    "store_truck_ever_3plus",
    "store_truck_ever_1or4",
    "store_almost_fixed_2",
    "store_can_do_3_trucks",
    "store_never_extreme",
    "store_truck_target_enc",
    "cases_prophet",
    "trucks_prophet"
  ],
  "categorical_features": [
    "dept_id",
    "store_id",
    "gmm_name",
    "dmm_name",
    "dept_desc",
    "state_name",
    "day_of_week",
    "holiday_name",
    "dept_near_holiday_5",
    "dept_near_holiday_10",
    "dept_weekday",
    "dept_holiday_interact"
  ]
}