{
  "numeric_feature_means": {
    "is_weekend": 0.2872727272727273,
    "lag_35": 61.20032177531207,
    "lag_42": 61.19206692913386,
    "lag_49": 61.19937268320502,
    "rolling_mean_35_7": 61.20188244256446,
    "rolling_std_35_7": 6.251184232790366,
    "dept_day_share": 0.14285709718019254,
    "dept_mean_encoded": 61.55160444116255,
    "store_dept_mean_encoded": 61.13255168870828,
    "rel_cases_to_baseline": 1.0011471698820578,
    "store_cases_7": 61.20066060401402,
    "store_cases_28": 61.19920338112593,
    "store_volatility_28": 6.566625267063824,
    "relative_to_store": 0.9999733596805844,
    "shock_ratio": 1.0002659874343096,
    "dept_volatility_28_within_store": 6.576622040584268,
    "trucks_lag_35": 2.170114942528736,
    "trucks_lag_42": 2.170114942528736,
    "trucks_3_rolling_mean_35": 2.1701095290251913,
    "trucks_7_rolling_mean_35": 2.1700986842105263,
    "trucks_3_rolling_std_35": 0.02039380742756345,
    "trucks_7_rolling_std_35": 0.04952203183573909,
    "weekly_truck_mean_lag35": 2.169713182637183,
    "truck_trend_3_vs_7": -0.00013157894736842094,
    "trucks_target_28d": 2.1704247104247103,
    "diesel_price": 3.665770036363635,
    "diesel_5w_mean": 3.6682033127272717,
    "diesel_5w_max": 3.736633890909092,
    "diesel_region_minus_us": -0.03339905454545451,
    "cpi_level": 128.26508212727273,
    "cpi_6m_mean": 127.5162395818182,
    "dept_weekend_mean": 2.1807553076216717,
    "store_truck_mode": 2.13,
    "store_truck_mean": 2.180695443645084,
    "store_truck_std": 0.2863590679331053,
    "store_truck_ever_3plus": 0.180431654676259,
    "store_truck_ever_1or4": 0.001127098321342926,
    "store_almost_fixed_2": 0.23,
    "store_can_do_3_trucks": 0.62,
    "store_never_extreme": 0.98,
    "store_truck_target_enc": 2.180695443645084,
    "cases_prophet": 0.0,
    "trucks_prophet": 0.0
  }
}